<?xml version="1.0" encoding="UTF-8"?>
<dynatrace version="3.2.0.1918" date="2/8/10 10:02 PM">
  <dashboardconfig memento.version="3.2.0.1918" id="a146417b-9d15-499a-9afc-d106b5c48569" revision="00000126-af64-0ce3-883d-b0cb05957c7b" icon="com.dynatrace.diagnostics.sdk/default.gif" sessiontype="live" description="" locationassource="true" name="BizTalk Performance" opendrilldowninnewdashboard="true" sessionid="BizTalk" bgcolor="255,255,255,255" mode="EDIT">
    <reportconfig lines.per.table="100" orientation="portrait" print.legends="true" enabled="true" title="" description="" levels.per.tree="10" override="false" print.images="true" type="PDF" />
    <filter>
      <criterion type="timeframe">
        <timeframe start="0" type="Auto" end="9223372036854775807" />
      </criterion>
    </filter>
    <autorefreshconfig unit="MINUTES" enabled="true" time="1" />
    <dashboardlayout>
      <portletfolder relationtype="LEFT" portletdecorationvisible="false" ratio="0.95" folderid="org.eclipse.ui.internal.ViewStack@1794fba" selectionindex="0" relatedfolderid="DashboardLayout.blankArea" portletconfigorder="7bc8cfbe-b950-4bc7-802e-bbf92645dbdd" />
      <portletfolder relationtype="BOTTOM" portletdecorationvisible="false" ratio="0.47085714" folderid="org.eclipse.ui.internal.ViewStack@17f3d9e" selectionindex="0" relatedfolderid="org.eclipse.ui.internal.ViewStack@1794fba" portletconfigorder="cf8fd971-d1be-4daa-8a35-dd49c492cddb" />
      <portletfolder relationtype="BOTTOM" ratio="0.49892008" folderid="org.eclipse.ui.internal.ViewStack@51b24a" selectionindex="-1" isplaceholder="true" relatedfolderid="org.eclipse.ui.internal.ViewStack@17f3d9e" portletconfigorder="" />
      <portletfolder relationtype="RIGHT" ratio="0.4987552" folderid="org.eclipse.ui.internal.ViewStack@5a01cd" selectionindex="-1" isplaceholder="true" relatedfolderid="org.eclipse.ui.internal.ViewStack@51b24a" portletconfigorder="" />
      <portletfolder relationtype="BOTTOM" portletdecorationvisible="false" ratio="0.49122807" folderid="org.eclipse.ui.internal.ViewStack@dbc65a" selectionindex="0" relatedfolderid="org.eclipse.ui.internal.ViewStack@17f3d9e" portletconfigorder="ab3d28f7-440d-4a59-8d0b-20d109aa75ad" />
      <portletfolder relationtype="RIGHT" portletdecorationvisible="false" ratio="0.16745655" folderid="org.eclipse.ui.internal.ViewStack@1bbb3bc" selectionindex="0" relatedfolderid="org.eclipse.ui.internal.ViewStack@dbc65a" portletconfigorder="35e00c08-5f5f-4934-ab01-785b93c4d3f5" />
      <portletfolder relationtype="BOTTOM" portletdecorationvisible="false" ratio="0.4957265" folderid="org.eclipse.ui.internal.ViewStack@14e618d" selectionindex="0" relatedfolderid="org.eclipse.ui.internal.ViewStack@1bbb3bc" portletconfigorder="3182f869-ff9f-4d01-969d-23d2450393d4" />
      <portletfolder relationtype="BOTTOM" portletdecorationvisible="false" ratio="0.4915254" folderid="org.eclipse.ui.internal.ViewStack@1ffccfd" selectionindex="0" relatedfolderid="org.eclipse.ui.internal.ViewStack@14e618d" portletconfigorder="3fb3dee7-cf6c-4c03-bfc5-df71b9309746" />
      <portletfolder relationtype="BOTTOM" portletdecorationvisible="false" ratio="0.5" folderid="org.eclipse.ui.internal.ViewStack@1c9e2e5" selectionindex="0" relatedfolderid="org.eclipse.ui.internal.ViewStack@1ffccfd" portletconfigorder="1898c2b2-e308-41a6-85dc-de9c6ca973bb" />
      <portletfolder relationtype="BOTTOM" portletdecorationvisible="false" ratio="0.16019417" folderid="org.eclipse.ui.internal.ViewStack@7985db" selectionindex="0" relatedfolderid="org.eclipse.ui.internal.ViewStack@1794fba" portletconfigorder="3469ee6e-d956-4292-9c14-dce04a9c73c4" />
      <portletfolder relationtype="RIGHT" portletdecorationvisible="false" ratio="0.16846474" folderid="org.eclipse.ui.internal.ViewStack@1141f65" selectionindex="0" relatedfolderid="org.eclipse.ui.internal.ViewStack@7985db" portletconfigorder="9376c2fe-82a8-4e80-8071-0aa5fe83c758" />
      <portletfolder relationtype="BOTTOM" portletdecorationvisible="false" ratio="0.5" folderid="org.eclipse.ui.internal.ViewStack@13b1107" selectionindex="0" relatedfolderid="org.eclipse.ui.internal.ViewStack@1141f65" portletconfigorder="e5a5322b-f107-49c3-b993-8f8b5c3ddd78" />
      <portletfolder relationtype="BOTTOM" portletdecorationvisible="false" ratio="0.49710983" folderid="org.eclipse.ui.internal.ViewStack@bb7bb4" selectionindex="0" relatedfolderid="org.eclipse.ui.internal.ViewStack@13b1107" portletconfigorder="e2d0d56d-ddbd-4d87-bad9-84fd227467db" />
      <portletfolder relationtype="BOTTOM" portletdecorationvisible="false" ratio="0.49710983" folderid="org.eclipse.ui.internal.ViewStack@14ef830" selectionindex="0" relatedfolderid="org.eclipse.ui.internal.ViewStack@1141f65" portletconfigorder="dc07e39b-8395-4072-b2eb-3a2bc5dba0da" />
    </dashboardlayout>
    <portletconfig com.dynatrace.diagnostics.portlets.text.textportletconfig.backgroundstyle="topLeft" icon="com.dynatrace.diagnostics.sdk/default.gif" usespecificautorefresh="false" usedashboardsourceforcompare="true" folderid="org.eclipse.ui.internal.ViewStack@1bbb3bc" com.dynatrace.diagnostics.portlets.text.textportletconfig.wallpapercolor="RGB(128,255,255,255)" usedashboardsource="true" heightmode="AdjustToFontSize" bgcolor="236,233,216,255" id="35e00c08-5f5f-4934-ab01-785b93c4d3f5" addfilterinfo="false" source="server://biztalk2009" invertcolors="true" com.dynatrace.diagnostics.portlets.text.textportletconfig.alignment="LEFT" com.dynatrace.diagnostics.portlets.text.textportletconfig.text="Message Delivery Delay" description="" name="Text" typeid="com.dynatrace.diagnostics.portlets.text.Text" com.dynatrace.diagnostics.portlets.text.textportletconfig.defaultforegroundcolor="RGB(0,0,0,255)">
      <reportconfig lines.per.table="100" print.legends="true" enabled="true" levels.per.tree="10" override="false" print.images="true" />
      <filter>
        <inheritancemap />
      </filter>
      <autorefreshconfig unit="MINUTES" enabled="false" time="5" />
      <sashconfig weights="1,1" displayoption="CHART_AND_TABLE" />
      <font height="10" style="NORMAL" name="Arial" />
    </portletconfig>
    <portletconfig com.dynatrace.diagnostics.portlets.text.textportletconfig.backgroundstyle="topLeft" icon="com.dynatrace.diagnostics.sdk/default.gif" usespecificautorefresh="false" usedashboardsourceforcompare="true" folderid="org.eclipse.ui.internal.ViewStack@1ffccfd" com.dynatrace.diagnostics.portlets.text.textportletconfig.wallpapercolor="RGB(128,255,255,255)" usedashboardsource="true" heightmode="AdjustToFontSize" bgcolor="236,233,216,255" id="3fb3dee7-cf6c-4c03-bfc5-df71b9309746" addfilterinfo="false" source="server://biztalk2009" invertcolors="true" com.dynatrace.diagnostics.portlets.text.textportletconfig.alignment="LEFT" com.dynatrace.diagnostics.portlets.text.textportletconfig.text="Message Traffic" description="" name="Text" typeid="com.dynatrace.diagnostics.portlets.text.Text" com.dynatrace.diagnostics.portlets.text.textportletconfig.defaultforegroundcolor="RGB(0,0,0,255)">
      <reportconfig lines.per.table="100" print.legends="true" enabled="true" levels.per.tree="10" override="false" print.images="true" />
      <filter>
        <inheritancemap />
      </filter>
      <autorefreshconfig unit="MINUTES" enabled="false" time="5" />
      <sashconfig weights="1,1" displayoption="CHART_AND_TABLE" />
      <font height="10" style="NORMAL" name="Arial" />
    </portletconfig>
    <portletconfig com.dynatrace.diagnostics.portlets.text.textportletconfig.backgroundstyle="topLeft" icon="com.dynatrace.diagnostics.sdk/default.gif" usespecificautorefresh="false" usedashboardsourceforcompare="true" folderid="org.eclipse.ui.internal.ViewStack@1794fba" com.dynatrace.diagnostics.portlets.text.textportletconfig.wallpapercolor="RGB(0,255,255,255)" usedashboardsource="true" heightmode="AdjustToFontSize" bgcolor="236,233,216,255" id="7bc8cfbe-b950-4bc7-802e-bbf92645dbdd" addfilterinfo="false" source="server://biztalk2009" invertcolors="true" com.dynatrace.diagnostics.portlets.text.textportletconfig.alignment="LEFT" com.dynatrace.diagnostics.portlets.text.textportletconfig.text="BizTalk State - 192.168.1.39 - BizTalkServerApplication" description="" name="Text" typeid="com.dynatrace.diagnostics.portlets.text.Text" com.dynatrace.diagnostics.portlets.text.textportletconfig.defaultforegroundcolor="RGB(0,0,0,255)">
      <reportconfig lines.per.table="100" print.legends="true" enabled="true" levels.per.tree="10" override="false" print.images="true" />
      <filter>
        <inheritancemap />
      </filter>
      <autorefreshconfig unit="MINUTES" enabled="false" time="5" />
      <sashconfig weights="1,1" displayoption="CHART_AND_TABLE" />
      <font height="12" style="BOLD" name="Arial" />
    </portletconfig>
    <portletconfig icon="com.dynatrace.diagnostics.sdk/default.gif" usespecificautorefresh="false" usedashboardsourceforcompare="true" folderid="org.eclipse.ui.internal.ViewStack@7985db" sessiontype="live" usedashboardsource="true" sessionid="BizTalk" bgcolor="236,233,216,255" id="3469ee6e-d956-4292-9c14-dce04a9c73c4" addfilterinfo="false" source="server://biztalk2009" description="" lastvalue="false" name="BizTalk State - 192.168.1.39 - BizTalkServerApplication" typeid="com.dynatrace.diagnostics.portlets.chart.Chart" showabsolutevalues="false">
      <reportconfig lines.per.table="100" print.legends="true" enabled="true" levels.per.tree="10" override="false" print.images="true" reportposition="0" />
      <filter>
        <criterion type="timeframe">
          <timeframe start="0" type="Auto" end="9223372036854775807" />
        </criterion>
        <inheritancemap />
      </filter>
      <autorefreshconfig unit="MINUTES" enabled="false" time="1" />
      <sashconfig weights="500,500" displayoption="CHART" />
      <datamodelconfig>
        <chart axis.y.show="true" subchartweights="125,125,125,125,125,125,125,125" orientation="Vertical" legendposition="Right" zoomable="true" showtooltips="true" charttype="TrafficLightChart" axis.y.title.show="true" resolution="Auto" axis.x.show="true" yaxisalignment="0" splitcharts="true" bounds.y.enabled="false" axis.x.title.show="true" logxaxis="false" showlegend="true" showtitle="false" showvalues="false">
          <legendcomposition min="false" aggregationfromseries="false" scale="false" host="false" max="false" measure="true" count="false" last="false" sum="false" agent="false" aggregation="false" unit="false" avg="false" />
          <chartsource position="1" scale="-2147483648" visible="true" sessiontype="live" dynamicconfig="false" aggregationtype="Avg" autounit="false" sessionid="BizTalk" uiunit="number" fetchmeasurecolor="true" id="aeab1f98-f39e-44c9-adea-d4f7acd2de78" displayrate="auto" unit="number" systemid="BizTalk" overridesource="false" rate="10s" ratesupported="false" name="High database session" sourcecolor="RGB(192,192,192,255)" measuretype="MonitorMeasure" sourcetype="MEASURE" fetchthreshold="true" fetch.dynamic.measures="false" autoscale="true">
            <lightweightuniquemeasureidentifier keyid="High database session" metricgroupkey="BizTalk State Counters" collector="" systemid="BizTalk" agenthost="" parentkeyid="High database session" metrickeyid="High database session" agentname="BizTalk - BizTalkServerApplication" />
            <displaysourceinfo monitorhost="192.168.1.39" monitordetails="BizTalk - BizTalkServerApplication" measureunit="number" monitorscheduleid="BizTalk - BizTalkServerApplication" measurerate="purepath" />
          </chartsource>
          <chartsource position="2" scale="-2147483648" visible="true" sessiontype="live" dynamicconfig="false" aggregationtype="Avg" autounit="false" sessionid="BizTalk" uiunit="number" fetchmeasurecolor="true" id="e76bd0f3-e82c-4423-a8f0-46ca629a4457" displayrate="auto" unit="number" systemid="BizTalk" overridesource="false" rate="10s" ratesupported="false" name="High database size" sourcecolor="RGB(64,0,64,255)" measuretype="MonitorMeasure" sourcetype="MEASURE" fetchthreshold="true" fetch.dynamic.measures="false" autoscale="true">
            <lightweightuniquemeasureidentifier keyid="High database size" metricgroupkey="BizTalk State Counters" collector="" systemid="BizTalk" agenthost="" parentkeyid="High database size" metrickeyid="High database size" agentname="BizTalk - BizTalkServerApplication" />
            <displaysourceinfo monitorhost="192.168.1.39" monitordetails="BizTalk - BizTalkServerApplication" measureunit="number" monitorscheduleid="BizTalk - BizTalkServerApplication" measurerate="purepath" />
          </chartsource>
          <chartsource position="3" scale="-2147483648" visible="true" sessiontype="live" dynamicconfig="false" aggregationtype="Avg" autounit="false" sessionid="BizTalk" uiunit="number" fetchmeasurecolor="true" id="2d56eafb-1da7-4107-ab96-96e5bd57fb68" displayrate="auto" unit="number" systemid="BizTalk" overridesource="false" rate="10s" ratesupported="false" name="High in-process message count" sourcecolor="RGB(128,128,128,255)" measuretype="MonitorMeasure" sourcetype="MEASURE" fetchthreshold="true" fetch.dynamic.measures="false" autoscale="true">
            <lightweightuniquemeasureidentifier keyid="High in-process message count" metricgroupkey="BizTalk State Counters" collector="" systemid="BizTalk" agenthost="" parentkeyid="High in-process message count" metrickeyid="High in-process message count" agentname="BizTalk - BizTalkServerApplication" />
            <displaysourceinfo monitorhost="192.168.1.39" monitordetails="BizTalk - BizTalkServerApplication" measureunit="number" monitorscheduleid="BizTalk - BizTalkServerApplication" measurerate="purepath" />
          </chartsource>
          <chartsource position="4" scale="-2147483648" visible="true" sessiontype="live" dynamicconfig="false" aggregationtype="Avg" autounit="false" sessionid="BizTalk" uiunit="number" fetchmeasurecolor="true" id="5cfad281-3869-4602-a7e0-b637f370742e" displayrate="auto" unit="number" systemid="BizTalk" overridesource="false" rate="10s" ratesupported="false" name="High message delivery rate" sourcecolor="RGB(128,192,0,255)" measuretype="MonitorMeasure" sourcetype="MEASURE" fetchthreshold="true" fetch.dynamic.measures="false" autoscale="true">
            <lightweightuniquemeasureidentifier keyid="High message delivery rate" metricgroupkey="BizTalk State Counters" collector="" systemid="BizTalk" agenthost="" parentkeyid="High message delivery rate" metrickeyid="High message delivery rate" agentname="BizTalk - BizTalkServerApplication" />
            <displaysourceinfo monitorhost="192.168.1.39" monitordetails="BizTalk - BizTalkServerApplication" measureunit="number" monitorscheduleid="BizTalk - BizTalkServerApplication" measurerate="purepath" />
          </chartsource>
          <chartsource position="5" scale="-2147483648" visible="true" sessiontype="live" dynamicconfig="false" aggregationtype="Avg" autounit="false" sessionid="BizTalk" uiunit="number" fetchmeasurecolor="true" id="99e801d4-6cef-4333-9335-8372299a3df4" displayrate="auto" unit="number" systemid="BizTalk" overridesource="false" rate="10s" ratesupported="false" name="High message publishing rate" sourcecolor="RGB(0,64,0,255)" measuretype="MonitorMeasure" sourcetype="MEASURE" fetchthreshold="true" fetch.dynamic.measures="false" autoscale="true">
            <lightweightuniquemeasureidentifier keyid="High message publishing rate" metricgroupkey="BizTalk State Counters" collector="" systemid="BizTalk" agenthost="" parentkeyid="High message publishing rate" metrickeyid="High message publishing rate" agentname="BizTalk - BizTalkServerApplication" />
            <displaysourceinfo monitorhost="192.168.1.39" monitordetails="BizTalk - BizTalkServerApplication" measureunit="number" monitorscheduleid="BizTalk - BizTalkServerApplication" measurerate="purepath" />
          </chartsource>
          <chartsource position="6" scale="-2147483648" visible="true" sessiontype="live" dynamicconfig="false" aggregationtype="Avg" autounit="false" sessionid="BizTalk" uiunit="number" fetchmeasurecolor="true" id="3906dfbd-dc3b-4c4c-90fd-416472bce8fe" displayrate="auto" unit="number" systemid="BizTalk" overridesource="false" rate="10s" ratesupported="false" name="High process memory" sourcecolor="RGB(64,128,128,255)" measuretype="MonitorMeasure" sourcetype="MEASURE" fetchthreshold="true" fetch.dynamic.measures="false" autoscale="true">
            <lightweightuniquemeasureidentifier keyid="High process memory" metricgroupkey="BizTalk State Counters" collector="" systemid="BizTalk" agenthost="" parentkeyid="High process memory" metrickeyid="High process memory" agentname="BizTalk - BizTalkServerApplication" />
            <displaysourceinfo monitorhost="192.168.1.39" monitordetails="BizTalk - BizTalkServerApplication" measureunit="number" monitorscheduleid="BizTalk - BizTalkServerApplication" measurerate="purepath" />
          </chartsource>
          <chartsource position="7" scale="-2147483648" visible="true" sessiontype="live" dynamicconfig="false" aggregationtype="Avg" autounit="false" sessionid="BizTalk" uiunit="number" fetchmeasurecolor="true" id="c830b486-1ea5-49fb-89ac-32e8134ce705" displayrate="auto" unit="number" systemid="BizTalk" overridesource="false" rate="10s" ratesupported="false" name="High system memory" sourcecolor="RGB(64,192,0,255)" measuretype="MonitorMeasure" sourcetype="MEASURE" fetchthreshold="true" fetch.dynamic.measures="false" autoscale="true">
            <lightweightuniquemeasureidentifier keyid="High system memory" metricgroupkey="BizTalk State Counters" collector="" systemid="BizTalk" agenthost="" parentkeyid="High system memory" metrickeyid="High system memory" agentname="BizTalk - BizTalkServerApplication" />
            <displaysourceinfo monitorhost="192.168.1.39" monitordetails="BizTalk - BizTalkServerApplication" measureunit="number" monitorscheduleid="BizTalk - BizTalkServerApplication" measurerate="purepath" />
          </chartsource>
          <chartsource position="8" scale="-2147483648" visible="true" sessiontype="live" dynamicconfig="false" aggregationtype="Avg" autounit="false" sessionid="BizTalk" uiunit="number" fetchmeasurecolor="true" id="ddf3b8d7-51ed-4793-bd93-aa7ec70e5ed8" displayrate="auto" unit="number" systemid="BizTalk" overridesource="false" rate="s" ratesupported="true" name="High thread count" sourcecolor="RGB(0,192,192,255)" measuretype="MonitorMeasure" sourcetype="MEASURE" fetchthreshold="true" fetch.dynamic.measures="false" autoscale="true">
            <lightweightuniquemeasureidentifier keyid="High thread count" metricgroupkey="BizTalk State Counters" collector="" systemid="BizTalk" agenthost="" parentkeyid="High thread count" metrickeyid="High thread count" agentname="BizTalk - BizTalkServerApplication" />
            <displaysourceinfo monitorhost="192.168.1.39" monitordetails="BizTalk - BizTalkServerApplication" measureunit="number" monitorscheduleid="BizTalk - BizTalkServerApplication" measurerate="sec" />
          </chartsource>
          <splitconfig splitmode="PerSeries" splitlayout="Vertical" />
        </chart>
        <table name="The Measure table" sortcolumn="0" viewmode="Hierarchy" columnorder="0,1,2,3,4,5,6,7,8,9,10,11,12,13,14,15,16">
          <column index="0" sort="Up" forcevisible="false" hidden="false" width="150" />
          <column index="1" sort="None" forcevisible="false" hidden="false" width="100" />
          <column index="2" sort="None" forcevisible="false" hidden="false" width="100" />
          <column index="3" sort="None" forcevisible="false" hidden="false" width="10" />
          <column index="4" sort="None" forcevisible="false" hidden="false" width="100" />
          <column index="5" sort="None" forcevisible="false" hidden="false" width="100" />
          <column index="6" sort="None" forcevisible="false" hidden="false" width="50" />
          <column index="7" sort="None" forcevisible="false" hidden="false" width="75" />
          <column index="8" sort="None" forcevisible="false" hidden="false" width="75" />
          <column index="9" sort="None" forcevisible="false" hidden="false" width="75" />
          <column index="10" sort="None" forcevisible="false" hidden="false" width="75" />
          <column index="11" sort="None" forcevisible="false" hidden="true" width="75" />
          <column index="12" sort="None" forcevisible="false" hidden="false" width="100" />
          <column index="13" sort="None" forcevisible="false" hidden="false" width="105" />
          <column index="14" sort="None" forcevisible="false" hidden="true" width="50" />
          <column index="15" sort="None" forcevisible="false" hidden="true" width="50" />
          <column index="16" sort="None" forcevisible="false" hidden="true" width="50" />
        </table>
      </datamodelconfig>
      <chartcolors />
    </portletconfig>
    <portletconfig com.dynatrace.diagnostics.portlets.text.textportletconfig.backgroundstyle="topLeft" icon="com.dynatrace.diagnostics.sdk/default.gif" usespecificautorefresh="false" usedashboardsourceforcompare="true" folderid="org.eclipse.ui.internal.ViewStack@1141f65" com.dynatrace.diagnostics.portlets.text.textportletconfig.wallpapercolor="RGB(128,255,255,255)" usedashboardsource="true" heightmode="AdjustToFontSize" bgcolor="236,233,216,255" id="9376c2fe-82a8-4e80-8071-0aa5fe83c758" addfilterinfo="false" source="server://biztalk2009" invertcolors="true" com.dynatrace.diagnostics.portlets.text.textportletconfig.alignment="LEFT" com.dynatrace.diagnostics.portlets.text.textportletconfig.text="Message Delivery Delay" description="" name="Text" typeid="com.dynatrace.diagnostics.portlets.text.Text" com.dynatrace.diagnostics.portlets.text.textportletconfig.defaultforegroundcolor="RGB(0,0,0,255)">
      <reportconfig lines.per.table="100" print.legends="true" enabled="true" levels.per.tree="10" override="false" print.images="true" />
      <filter>
        <inheritancemap />
      </filter>
      <autorefreshconfig unit="MINUTES" enabled="false" time="5" />
      <sashconfig weights="1,1" displayoption="CHART_AND_TABLE" />
      <font height="10" style="NORMAL" name="Arial" />
    </portletconfig>
    <portletconfig icon="com.dynatrace.diagnostics.sdk/default.gif" usespecificautorefresh="false" usedashboardsourceforcompare="true" folderid="org.eclipse.ui.internal.ViewStack@bb7bb4" sessiontype="live" usedashboardsource="true" sessionid="BizTalk" bgcolor="236,233,216,255" id="e2d0d56d-ddbd-4d87-bad9-84fd227467db" addfilterinfo="false" source="server://biztalk2009" description="" lastvalue="false" name="BizTalk Traffic - 192.168.1.39 - BizTalkServerApplication" typeid="com.dynatrace.diagnostics.portlets.chart.Chart" showabsolutevalues="false">
      <reportconfig lines.per.table="100" print.legends="true" enabled="true" levels.per.tree="10" override="false" print.images="true" reportposition="1" />
      <filter>
        <criterion type="timeframe">
          <timeframe start="0" type="Auto" end="9223372036854775807" />
        </criterion>
        <inheritancemap />
      </filter>
      <autorefreshconfig unit="MINUTES" enabled="false" time="1" />
      <sashconfig weights="1,1" displayoption="CHART" />
      <datamodelconfig>
        <chart axis.y.show="true" subchartweights="200" orientation="Horizontal" legendposition="Bottom" zoomable="true" showtooltips="true" charttype="LineChart" axis.y.title.show="true" resolution="Auto" axis.x.show="true" yaxisalignment="0" splitcharts="false" bounds.y.enabled="false" axis.x.title.show="true" logxaxis="false" showlegend="true" showtitle="false" showvalues="false">
          <legendcomposition min="false" aggregationfromseries="false" scale="false" host="false" max="false" measure="true" count="false" last="true" sum="false" agent="false" aggregation="false" unit="false" avg="false" />
          <chartsource position="1" scale="-2147483648" visible="true" sessiontype="live" dynamicconfig="false" aggregationtype="Avg" autounit="false" sessionid="BizTalk" uiunit="number" fetchmeasurecolor="true" id="08febfe1-b169-4a45-a0d4-c57d9a6a4e34" displayrate="auto" unit="number" systemid="BizTalk" overridesource="false" rate="10s" ratesupported="true" name="Message delivery incoming rate" sourcecolor="RGB(128,128,64,255)" measuretype="MonitorMeasure" sourcetype="MEASURE" fetchthreshold="false" fetch.dynamic.measures="false" autoscale="true">
            <lightweightuniquemeasureidentifier keyid="Message delivery incoming rate" metricgroupkey="BizTalk Message Delivery Counters" collector="" systemid="BizTalk" agenthost="" parentkeyid="Message delivery incoming rate" metrickeyid="Message delivery incoming rate" agentname="BizTalk - BizTalkServerApplication" />
            <displaysourceinfo monitorhost="192.168.1.39" monitordetails="BizTalk - BizTalkServerApplication" measureunit="number" monitorscheduleid="BizTalk - BizTalkServerApplication" measurerate="purepath" />
          </chartsource>
          <chartsource position="2" scale="-2147483648" visible="true" sessiontype="live" dynamicconfig="false" aggregationtype="Avg" autounit="false" sessionid="BizTalk" uiunit="number" fetchmeasurecolor="true" id="c1fa700b-1347-4075-acbd-107cfda7a747" displayrate="auto" unit="number" systemid="BizTalk" overridesource="false" rate="10s" ratesupported="true" name="Message delivery outgoing rate" sourcecolor="RGB(192,128,192,255)" measuretype="MonitorMeasure" sourcetype="MEASURE" fetchthreshold="false" fetch.dynamic.measures="false" autoscale="true">
            <lightweightuniquemeasureidentifier keyid="Message delivery outgoing rate" metricgroupkey="BizTalk Message Delivery Counters" collector="" systemid="BizTalk" agenthost="" parentkeyid="Message delivery outgoing rate" metrickeyid="Message delivery outgoing rate" agentname="BizTalk - BizTalkServerApplication" />
            <displaysourceinfo monitorhost="192.168.1.39" monitordetails="BizTalk - BizTalkServerApplication" measureunit="number" monitorscheduleid="BizTalk - BizTalkServerApplication" measurerate="purepath" />
          </chartsource>
          <chartsource position="3" scale="-2147483648" visible="true" sessiontype="live" dynamicconfig="false" aggregationtype="Avg" autounit="false" sessionid="BizTalk" uiunit="number" fetchmeasurecolor="true" id="b4444516-de0f-4dbb-8b30-03e602a157a5" displayrate="auto" unit="number" systemid="BizTalk" overridesource="false" rate="10s" ratesupported="true" name="Message publishing incoming rate" sourcecolor="RGB(0,0,64,255)" measuretype="MonitorMeasure" sourcetype="MEASURE" fetchthreshold="false" fetch.dynamic.measures="false" autoscale="true">
            <lightweightuniquemeasureidentifier keyid="Message publishing incoming rate" metricgroupkey="BizTalk Message Publishing Counters" collector="" systemid="BizTalk" agenthost="" parentkeyid="Message publishing incoming rate" metrickeyid="Message publishing incoming rate" agentname="BizTalk - BizTalkServerApplication" />
            <displaysourceinfo monitorhost="192.168.1.39" monitordetails="BizTalk - BizTalkServerApplication" measureunit="number" monitorscheduleid="BizTalk - BizTalkServerApplication" measurerate="purepath" />
          </chartsource>
          <chartsource position="4" scale="-2147483648" visible="true" sessiontype="live" dynamicconfig="false" aggregationtype="Avg" autounit="false" sessionid="BizTalk" uiunit="number" fetchmeasurecolor="true" id="9564aad8-79f9-482c-9b70-0582e180c82e" displayrate="auto" unit="number" systemid="BizTalk" overridesource="false" rate="10s" ratesupported="true" name="Message publishing outgoing rate" sourcecolor="RGB(0,128,192,255)" measuretype="MonitorMeasure" sourcetype="MEASURE" fetchthreshold="false" fetch.dynamic.measures="false" autoscale="true">
            <lightweightuniquemeasureidentifier keyid="Message publishing outgoing rate" metricgroupkey="BizTalk Message Publishing Counters" collector="" systemid="BizTalk" agenthost="" parentkeyid="Message publishing outgoing rate" metrickeyid="Message publishing outgoing rate" agentname="BizTalk - BizTalkServerApplication" />
            <displaysourceinfo monitorhost="192.168.1.39" monitordetails="BizTalk - BizTalkServerApplication" measureunit="number" monitorscheduleid="BizTalk - BizTalkServerApplication" measurerate="purepath" />
          </chartsource>
          <splitconfig splitmode="PerSeries" splitlayout="Horizontal" />
        </chart>
        <table name="The Measure table" sortcolumn="0" viewmode="Hierarchy" columnorder="0,1,2,3,4,5,6,7,8,9,10,11,12,13,14,15,16">
          <column index="0" sort="Up" forcevisible="false" hidden="false" width="150" />
          <column index="1" sort="None" forcevisible="false" hidden="false" width="100" />
          <column index="2" sort="None" forcevisible="false" hidden="false" width="100" />
          <column index="3" sort="None" forcevisible="false" hidden="false" width="10" />
          <column index="4" sort="None" forcevisible="false" hidden="false" width="100" />
          <column index="5" sort="None" forcevisible="false" hidden="false" width="100" />
          <column index="6" sort="None" forcevisible="false" hidden="false" width="50" />
          <column index="7" sort="None" forcevisible="false" hidden="false" width="75" />
          <column index="8" sort="None" forcevisible="false" hidden="false" width="75" />
          <column index="9" sort="None" forcevisible="false" hidden="false" width="75" />
          <column index="10" sort="None" forcevisible="false" hidden="false" width="75" />
          <column index="11" sort="None" forcevisible="false" hidden="true" width="75" />
          <column index="12" sort="None" forcevisible="false" hidden="false" width="100" />
          <column index="13" sort="None" forcevisible="false" hidden="false" width="105" />
          <column index="14" sort="None" forcevisible="false" hidden="true" width="50" />
          <column index="15" sort="None" forcevisible="false" hidden="true" width="50" />
          <column index="16" sort="None" forcevisible="false" hidden="true" width="50" />
        </table>
      </datamodelconfig>
      <chartcolors />
    </portletconfig>
    <portletconfig icon="com.dynatrace.diagnostics.sdk/default.gif" usespecificautorefresh="false" usedashboardsourceforcompare="true" folderid="org.eclipse.ui.internal.ViewStack@14e618d" sessiontype="live" usedashboardsource="true" sessionid="BizTalk" bgcolor="236,233,216,255" id="3182f869-ff9f-4d01-969d-23d2450393d4" addfilterinfo="false" source="server://biztalk2009" description="" lastvalue="false" name="BizTalk Delay - 192.168.1.39 - dynaTraceApplications1" typeid="com.dynatrace.diagnostics.portlets.chart.Chart" showabsolutevalues="false">
      <reportconfig lines.per.table="100" print.legends="true" enabled="true" levels.per.tree="10" override="false" print.images="true" reportposition="2" />
      <filter>
        <criterion type="timeframe">
          <timeframe start="0" type="Auto" end="9223372036854775807" />
        </criterion>
        <inheritancemap />
      </filter>
      <autorefreshconfig unit="MINUTES" enabled="false" time="1" />
      <sashconfig weights="1,1" displayoption="CHART" />
      <datamodelconfig>
        <chart axis.y.show="true" subchartweights="200" orientation="Horizontal" legendposition="Bottom" zoomable="true" showtooltips="true" charttype="LineChart" axis.y.title.show="true" resolution="Auto" axis.x.show="true" yaxisalignment="0" splitcharts="false" bounds.y.enabled="false" axis.x.title.show="true" logxaxis="false" showlegend="true" showtitle="false" showvalues="false">
          <legendcomposition min="false" aggregationfromseries="false" scale="false" host="false" max="false" measure="true" count="false" last="true" sum="false" agent="false" aggregation="false" unit="false" avg="false" />
          <chartsource position="1" scale="-2147483648" visible="true" sessiontype="live" dynamicconfig="false" aggregationtype="Avg" autounit="false" sessionid="BizTalk" uiunit="ms" fetchmeasurecolor="true" id="d2a475cc-5773-4bce-9002-ea2430231959" displayrate="auto" unit="ms" systemid="BizTalk" overridesource="false" rate="10s" ratesupported="false" name="Message delivery delay (ms)" sourcecolor="RGB(64,128,128,255)" measuretype="MonitorMeasure" sourcetype="MEASURE" fetchthreshold="false" fetch.dynamic.measures="false" autoscale="true">
            <lightweightuniquemeasureidentifier keyid="Message delivery delay (ms)" metricgroupkey="BizTalk Message Delivery Counters" collector="" systemid="BizTalk" agenthost="" parentkeyid="Message delivery delay (ms)" metrickeyid="Message delivery delay (ms)" agentname="BizTalk - dynaTraceApplications1" />
            <displaysourceinfo monitorhost="192.168.1.39" monitordetails="BizTalk - dynaTraceApplications1" measureunit="ms" monitorscheduleid="BizTalk - dynaTraceApplications1" measurerate="purepath" />
          </chartsource>
          <chartsource position="2" scale="-2147483648" visible="true" sessiontype="live" dynamicconfig="false" aggregationtype="Avg" autounit="false" sessionid="BizTalk" uiunit="number" fetchmeasurecolor="true" id="4dad333c-7376-4439-a4c8-bae45b870d71" displayrate="auto" unit="number" systemid="BizTalk" overridesource="false" rate="10s" ratesupported="true" name="Message delivery throttling state" sourcecolor="RGB(64,0,192,255)" measuretype="MonitorMeasure" sourcetype="MEASURE" fetchthreshold="false" fetch.dynamic.measures="false" autoscale="true">
            <lightweightuniquemeasureidentifier keyid="Message delivery throttling state" metricgroupkey="BizTalk Message Delivery Counters" collector="" systemid="BizTalk" agenthost="" parentkeyid="Message delivery throttling state" metrickeyid="Message delivery throttling state" agentname="BizTalk - dynaTraceApplications1" />
            <displaysourceinfo monitorhost="192.168.1.39" monitordetails="BizTalk - dynaTraceApplications1" measureunit="number" monitorscheduleid="BizTalk - dynaTraceApplications1" measurerate="purepath" />
          </chartsource>
          <chartsource position="3" scale="-2147483648" visible="true" sessiontype="live" dynamicconfig="false" aggregationtype="Avg" autounit="false" sessionid="BizTalk" uiunit="ms" fetchmeasurecolor="true" id="f8684259-7142-452f-86a7-d4ac24ba5ada" displayrate="auto" unit="ms" systemid="BizTalk" overridesource="false" rate="10s" ratesupported="false" name="Message publishing delay (ms)" sourcecolor="RGB(0,0,64,255)" measuretype="MonitorMeasure" sourcetype="MEASURE" fetchthreshold="false" fetch.dynamic.measures="false" autoscale="true">
            <lightweightuniquemeasureidentifier keyid="Message publishing delay (ms)" metricgroupkey="BizTalk Message Publishing Counters" collector="" systemid="BizTalk" agenthost="" parentkeyid="Message publishing delay (ms)" metrickeyid="Message publishing delay (ms)" agentname="BizTalk - dynaTraceApplications1" />
            <displaysourceinfo monitorhost="192.168.1.39" monitordetails="BizTalk - dynaTraceApplications1" measureunit="ms" monitorscheduleid="BizTalk - dynaTraceApplications1" measurerate="purepath" />
          </chartsource>
          <chartsource position="4" scale="-2147483648" visible="true" sessiontype="live" dynamicconfig="false" aggregationtype="Avg" autounit="false" sessionid="BizTalk" uiunit="number" fetchmeasurecolor="true" id="05d8f6a0-2deb-48b7-acfa-f4a7ee1bf2c4" displayrate="auto" unit="number" systemid="BizTalk" overridesource="false" rate="10s" ratesupported="true" name="Message publishing throttling state" sourcecolor="RGB(64,64,128,255)" measuretype="MonitorMeasure" sourcetype="MEASURE" fetchthreshold="false" fetch.dynamic.measures="false" autoscale="true">
            <lightweightuniquemeasureidentifier keyid="Message publishing throttling state" metricgroupkey="BizTalk Message Publishing Counters" collector="" systemid="BizTalk" agenthost="" parentkeyid="Message publishing throttling state" metrickeyid="Message publishing throttling state" agentname="BizTalk - dynaTraceApplications1" />
            <displaysourceinfo monitorhost="192.168.1.39" monitordetails="BizTalk - dynaTraceApplications1" measureunit="number" monitorscheduleid="BizTalk - dynaTraceApplications1" measurerate="purepath" />
          </chartsource>
          <splitconfig splitmode="PerSeries" splitlayout="Horizontal" />
        </chart>
        <table name="The Measure table" sortcolumn="0" viewmode="Hierarchy" columnorder="0,1,2,3,4,5,6,7,8,9,10,11,12,13,14,15,16">
          <column index="0" sort="Up" forcevisible="false" hidden="false" width="150" />
          <column index="1" sort="None" forcevisible="false" hidden="false" width="100" />
          <column index="2" sort="None" forcevisible="false" hidden="false" width="100" />
          <column index="3" sort="None" forcevisible="false" hidden="false" width="10" />
          <column index="4" sort="None" forcevisible="false" hidden="false" width="100" />
          <column index="5" sort="None" forcevisible="false" hidden="false" width="100" />
          <column index="6" sort="None" forcevisible="false" hidden="false" width="50" />
          <column index="7" sort="None" forcevisible="false" hidden="false" width="75" />
          <column index="8" sort="None" forcevisible="false" hidden="false" width="75" />
          <column index="9" sort="None" forcevisible="false" hidden="false" width="75" />
          <column index="10" sort="None" forcevisible="false" hidden="false" width="75" />
          <column index="11" sort="None" forcevisible="false" hidden="true" width="75" />
          <column index="12" sort="None" forcevisible="false" hidden="false" width="100" />
          <column index="13" sort="None" forcevisible="false" hidden="false" width="105" />
          <column index="14" sort="None" forcevisible="false" hidden="true" width="50" />
          <column index="15" sort="None" forcevisible="false" hidden="true" width="50" />
          <column index="16" sort="None" forcevisible="false" hidden="true" width="50" />
        </table>
      </datamodelconfig>
      <chartcolors />
    </portletconfig>
    <portletconfig com.dynatrace.diagnostics.portlets.text.textportletconfig.backgroundstyle="topLeft" icon="com.dynatrace.diagnostics.sdk/default.gif" usespecificautorefresh="false" usedashboardsourceforcompare="true" folderid="org.eclipse.ui.internal.ViewStack@13b1107" com.dynatrace.diagnostics.portlets.text.textportletconfig.wallpapercolor="RGB(128,255,255,255)" usedashboardsource="true" heightmode="AdjustToFontSize" bgcolor="236,233,216,255" id="e5a5322b-f107-49c3-b993-8f8b5c3ddd78" addfilterinfo="false" source="server://biztalk2009" invertcolors="true" com.dynatrace.diagnostics.portlets.text.textportletconfig.alignment="LEFT" com.dynatrace.diagnostics.portlets.text.textportletconfig.text="Message Traffic" description="" name="Text" typeid="com.dynatrace.diagnostics.portlets.text.Text" com.dynatrace.diagnostics.portlets.text.textportletconfig.defaultforegroundcolor="RGB(0,0,0,255)">
      <reportconfig lines.per.table="100" print.legends="true" enabled="true" levels.per.tree="10" override="false" print.images="true" />
      <filter>
        <inheritancemap />
      </filter>
      <autorefreshconfig unit="MINUTES" enabled="false" time="5" />
      <sashconfig weights="1,1" displayoption="CHART_AND_TABLE" />
      <font height="10" style="NORMAL" name="Arial" />
    </portletconfig>
    <portletconfig icon="com.dynatrace.diagnostics.sdk/default.gif" usespecificautorefresh="false" usedashboardsourceforcompare="true" folderid="org.eclipse.ui.internal.ViewStack@14ef830" sessiontype="live" usedashboardsource="true" sessionid="BizTalk" bgcolor="236,233,216,255" id="dc07e39b-8395-4072-b2eb-3a2bc5dba0da" addfilterinfo="false" source="server://biztalk2009" description="" lastvalue="false" name="BizTalk Delay - 192.168.1.39 - BizTalkServerApplication" typeid="com.dynatrace.diagnostics.portlets.chart.Chart" showabsolutevalues="false">
      <reportconfig lines.per.table="100" print.legends="true" enabled="true" levels.per.tree="10" override="false" print.images="true" reportposition="4" />
      <filter>
        <criterion type="timeframe">
          <timeframe start="0" type="Auto" end="9223372036854775807" />
        </criterion>
        <inheritancemap />
      </filter>
      <autorefreshconfig unit="MINUTES" enabled="false" time="1" />
      <sashconfig weights="1,1" displayoption="CHART" />
      <datamodelconfig>
        <chart axis.y.show="true" subchartweights="200" orientation="Horizontal" legendposition="Bottom" zoomable="true" showtooltips="true" charttype="LineChart" axis.y.title.show="true" resolution="Auto" axis.x.show="true" yaxisalignment="0" splitcharts="false" bounds.y.enabled="false" axis.x.title.show="true" logxaxis="false" showlegend="true" showtitle="false" showvalues="false">
          <legendcomposition min="false" aggregationfromseries="false" scale="false" host="false" max="false" measure="true" count="false" last="true" sum="false" agent="false" aggregation="false" unit="false" avg="false" />
          <chartsource position="1" scale="-2147483648" visible="true" sessiontype="live" dynamicconfig="false" aggregationtype="Avg" autounit="false" sessionid="BizTalk" uiunit="ms" fetchmeasurecolor="true" id="3e40d764-bb07-4e97-9ced-b310c823040d" displayrate="auto" unit="ms" systemid="BizTalk" overridesource="false" rate="10s" ratesupported="false" name="Message delivery delay (ms)" sourcecolor="RGB(64,128,128,255)" measuretype="MonitorMeasure" sourcetype="MEASURE" fetchthreshold="false" fetch.dynamic.measures="false" autoscale="true">
            <lightweightuniquemeasureidentifier keyid="Message delivery delay (ms)" metricgroupkey="BizTalk Message Delivery Counters" collector="" systemid="BizTalk" agenthost="" parentkeyid="Message delivery delay (ms)" metrickeyid="Message delivery delay (ms)" agentname="BizTalk - BizTalkServerApplication" />
            <displaysourceinfo monitorhost="192.168.1.39" monitordetails="BizTalk - BizTalkServerApplication" measureunit="ms" monitorscheduleid="BizTalk - BizTalkServerApplication" measurerate="purepath" />
          </chartsource>
          <chartsource position="2" scale="-2147483648" visible="true" sessiontype="live" dynamicconfig="false" aggregationtype="Avg" autounit="false" sessionid="BizTalk" uiunit="number" fetchmeasurecolor="true" id="f4f529c6-d55b-4273-9b95-56eb75b3afcf" displayrate="auto" unit="number" systemid="BizTalk" overridesource="false" rate="10s" ratesupported="true" name="Message delivery throttling state" sourcecolor="RGB(64,0,192,255)" measuretype="MonitorMeasure" sourcetype="MEASURE" fetchthreshold="false" fetch.dynamic.measures="false" autoscale="true">
            <lightweightuniquemeasureidentifier keyid="Message delivery throttling state" metricgroupkey="BizTalk Message Delivery Counters" collector="" systemid="BizTalk" agenthost="" parentkeyid="Message delivery throttling state" metrickeyid="Message delivery throttling state" agentname="BizTalk - BizTalkServerApplication" />
            <displaysourceinfo monitorhost="192.168.1.39" monitordetails="BizTalk - BizTalkServerApplication" measureunit="number" monitorscheduleid="BizTalk - BizTalkServerApplication" measurerate="purepath" />
          </chartsource>
          <chartsource position="3" scale="-2147483648" visible="true" sessiontype="live" dynamicconfig="false" aggregationtype="Avg" autounit="false" sessionid="BizTalk" uiunit="ms" fetchmeasurecolor="true" id="f2a0cc27-675a-45d8-84be-7c578215c455" displayrate="auto" unit="ms" systemid="BizTalk" overridesource="false" rate="10s" ratesupported="false" name="Message publishing delay (ms)" sourcecolor="RGB(0,0,64,255)" measuretype="MonitorMeasure" sourcetype="MEASURE" fetchthreshold="false" fetch.dynamic.measures="false" autoscale="true">
            <lightweightuniquemeasureidentifier keyid="Message publishing delay (ms)" metricgroupkey="BizTalk Message Publishing Counters" collector="" systemid="BizTalk" agenthost="" parentkeyid="Message publishing delay (ms)" metrickeyid="Message publishing delay (ms)" agentname="BizTalk - BizTalkServerApplication" />
            <displaysourceinfo monitorhost="192.168.1.39" monitordetails="BizTalk - BizTalkServerApplication" measureunit="ms" monitorscheduleid="BizTalk - BizTalkServerApplication" measurerate="purepath" />
          </chartsource>
          <chartsource position="4" scale="-2147483648" visible="true" sessiontype="live" dynamicconfig="false" aggregationtype="Avg" autounit="false" sessionid="BizTalk" uiunit="number" fetchmeasurecolor="true" id="5908ce86-ce9f-48a8-ae95-0a6ce4b81977" displayrate="auto" unit="number" systemid="BizTalk" overridesource="false" rate="10s" ratesupported="true" name="Message publishing throttling state" sourcecolor="RGB(64,64,128,255)" measuretype="MonitorMeasure" sourcetype="MEASURE" fetchthreshold="false" fetch.dynamic.measures="false" autoscale="true">
            <lightweightuniquemeasureidentifier keyid="Message publishing throttling state" metricgroupkey="BizTalk Message Publishing Counters" collector="" systemid="BizTalk" agenthost="" parentkeyid="Message publishing throttling state" metrickeyid="Message publishing throttling state" agentname="BizTalk - BizTalkServerApplication" />
            <displaysourceinfo monitorhost="192.168.1.39" monitordetails="BizTalk - BizTalkServerApplication" measureunit="number" monitorscheduleid="BizTalk - BizTalkServerApplication" measurerate="purepath" />
          </chartsource>
          <splitconfig splitmode="PerSeries" splitlayout="Horizontal" />
        </chart>
        <table name="The Measure table" sortcolumn="0" viewmode="Hierarchy" columnorder="0,1,2,3,4,5,6,7,8,9,10,11,12,13,14,15,16">
          <column index="0" sort="Up" forcevisible="false" hidden="false" width="150" />
          <column index="1" sort="None" forcevisible="false" hidden="false" width="100" />
          <column index="2" sort="None" forcevisible="false" hidden="false" width="100" />
          <column index="3" sort="None" forcevisible="false" hidden="false" width="10" />
          <column index="4" sort="None" forcevisible="false" hidden="false" width="100" />
          <column index="5" sort="None" forcevisible="false" hidden="false" width="100" />
          <column index="6" sort="None" forcevisible="false" hidden="false" width="50" />
          <column index="7" sort="None" forcevisible="false" hidden="false" width="75" />
          <column index="8" sort="None" forcevisible="false" hidden="false" width="75" />
          <column index="9" sort="None" forcevisible="false" hidden="false" width="75" />
          <column index="10" sort="None" forcevisible="false" hidden="false" width="75" />
          <column index="11" sort="None" forcevisible="false" hidden="true" width="75" />
          <column index="12" sort="None" forcevisible="false" hidden="false" width="100" />
          <column index="13" sort="None" forcevisible="false" hidden="false" width="105" />
          <column index="14" sort="None" forcevisible="false" hidden="true" width="50" />
          <column index="15" sort="None" forcevisible="false" hidden="true" width="50" />
          <column index="16" sort="None" forcevisible="false" hidden="true" width="50" />
        </table>
      </datamodelconfig>
      <chartcolors />
    </portletconfig>
    <portletconfig icon="com.dynatrace.diagnostics.sdk/default.gif" usespecificautorefresh="false" usedashboardsourceforcompare="true" folderid="org.eclipse.ui.internal.ViewStack@1c9e2e5" sessiontype="live" usedashboardsource="true" sessionid="BizTalk" bgcolor="236,233,216,255" id="1898c2b2-e308-41a6-85dc-de9c6ca973bb" addfilterinfo="false" source="server://biztalk2009" description="" lastvalue="false" name="BizTalk Traffic - 192.168.1.39 - dynaTraceApplications1" typeid="com.dynatrace.diagnostics.portlets.chart.Chart" showabsolutevalues="false">
      <reportconfig lines.per.table="100" print.legends="true" enabled="true" levels.per.tree="10" override="false" print.images="true" reportposition="5" />
      <filter>
        <criterion type="timeframe">
          <timeframe start="0" type="Auto" end="9223372036854775807" />
        </criterion>
        <inheritancemap />
      </filter>
      <autorefreshconfig unit="MINUTES" enabled="false" time="1" />
      <sashconfig weights="1,1" displayoption="CHART" />
      <datamodelconfig>
        <chart axis.y.show="true" subchartweights="200" orientation="Horizontal" legendposition="Bottom" zoomable="true" showtooltips="true" charttype="LineChart" axis.y.title.show="true" resolution="Auto" axis.x.show="true" yaxisalignment="0" splitcharts="false" bounds.y.enabled="false" axis.x.title.show="true" logxaxis="false" showlegend="true" showtitle="false" showvalues="false">
          <legendcomposition min="false" aggregationfromseries="false" scale="false" host="false" max="false" measure="true" count="false" last="true" sum="false" agent="false" aggregation="false" unit="false" avg="false" />
          <chartsource position="1" scale="-2147483648" visible="true" sessiontype="live" dynamicconfig="false" aggregationtype="Avg" autounit="false" sessionid="BizTalk" uiunit="number" fetchmeasurecolor="true" id="f0951980-497a-4358-8f22-68d0f62d453e" displayrate="auto" unit="number" systemid="BizTalk" overridesource="false" rate="10s" ratesupported="true" name="Message delivery incoming rate" sourcecolor="RGB(128,128,64,255)" measuretype="MonitorMeasure" sourcetype="MEASURE" fetchthreshold="false" fetch.dynamic.measures="false" autoscale="true">
            <lightweightuniquemeasureidentifier keyid="Message delivery incoming rate" metricgroupkey="BizTalk Message Delivery Counters" collector="" systemid="BizTalk" agenthost="" parentkeyid="Message delivery incoming rate" metrickeyid="Message delivery incoming rate" agentname="BizTalk - dynaTraceApplications1" />
            <displaysourceinfo monitorhost="192.168.1.39" monitordetails="BizTalk - dynaTraceApplications1" measureunit="number" monitorscheduleid="BizTalk - dynaTraceApplications1" measurerate="purepath" />
          </chartsource>
          <chartsource position="2" scale="-2147483648" visible="true" sessiontype="live" dynamicconfig="false" aggregationtype="Avg" autounit="false" sessionid="BizTalk" uiunit="number" fetchmeasurecolor="true" id="eba35032-b1be-49b9-ab1a-f1f2cf94f078" displayrate="auto" unit="number" systemid="BizTalk" overridesource="false" rate="10s" ratesupported="true" name="Message delivery outgoing rate" sourcecolor="RGB(192,128,192,255)" measuretype="MonitorMeasure" sourcetype="MEASURE" fetchthreshold="false" fetch.dynamic.measures="false" autoscale="true">
            <lightweightuniquemeasureidentifier keyid="Message delivery outgoing rate" metricgroupkey="BizTalk Message Delivery Counters" collector="" systemid="BizTalk" agenthost="" parentkeyid="Message delivery outgoing rate" metrickeyid="Message delivery outgoing rate" agentname="BizTalk - dynaTraceApplications1" />
            <displaysourceinfo monitorhost="192.168.1.39" monitordetails="BizTalk - dynaTraceApplications1" measureunit="number" monitorscheduleid="BizTalk - dynaTraceApplications1" measurerate="purepath" />
          </chartsource>
          <chartsource position="3" scale="-2147483648" visible="true" sessiontype="live" dynamicconfig="false" aggregationtype="Avg" autounit="false" sessionid="BizTalk" uiunit="number" fetchmeasurecolor="true" id="2f66b5bc-1295-4bfa-9990-1e16a37a61e2" displayrate="auto" unit="number" systemid="BizTalk" overridesource="false" rate="10s" ratesupported="true" name="Message publishing incoming rate" sourcecolor="RGB(0,0,64,255)" measuretype="MonitorMeasure" sourcetype="MEASURE" fetchthreshold="false" fetch.dynamic.measures="false" autoscale="true">
            <lightweightuniquemeasureidentifier keyid="Message publishing incoming rate" metricgroupkey="BizTalk Message Publishing Counters" collector="" systemid="BizTalk" agenthost="" parentkeyid="Message publishing incoming rate" metrickeyid="Message publishing incoming rate" agentname="BizTalk - dynaTraceApplications1" />
            <displaysourceinfo monitorhost="192.168.1.39" monitordetails="BizTalk - dynaTraceApplications1" measureunit="number" monitorscheduleid="BizTalk - dynaTraceApplications1" measurerate="purepath" />
          </chartsource>
          <chartsource position="4" scale="-2147483648" visible="true" sessiontype="live" dynamicconfig="false" aggregationtype="Avg" autounit="false" sessionid="BizTalk" uiunit="number" fetchmeasurecolor="true" id="7340400a-9b62-429a-aebc-35db4b2803b9" displayrate="auto" unit="number" systemid="BizTalk" overridesource="false" rate="10s" ratesupported="true" name="Message publishing outgoing rate" sourcecolor="RGB(0,128,192,255)" measuretype="MonitorMeasure" sourcetype="MEASURE" fetchthreshold="false" fetch.dynamic.measures="false" autoscale="true">
            <lightweightuniquemeasureidentifier keyid="Message publishing outgoing rate" metricgroupkey="BizTalk Message Publishing Counters" collector="" systemid="BizTalk" agenthost="" parentkeyid="Message publishing outgoing rate" metrickeyid="Message publishing outgoing rate" agentname="BizTalk - dynaTraceApplications1" />
            <displaysourceinfo monitorhost="192.168.1.39" monitordetails="BizTalk - dynaTraceApplications1" measureunit="number" monitorscheduleid="BizTalk - dynaTraceApplications1" measurerate="purepath" />
          </chartsource>
          <splitconfig splitmode="PerSeries" splitlayout="Horizontal" />
        </chart>
        <table name="The Measure table" sortcolumn="0" viewmode="Hierarchy" columnorder="0,1,2,3,4,5,6,7,8,9,10,11,12,13,14,15,16">
          <column index="0" sort="Up" forcevisible="false" hidden="false" width="150" />
          <column index="1" sort="None" forcevisible="false" hidden="false" width="100" />
          <column index="2" sort="None" forcevisible="false" hidden="false" width="100" />
          <column index="3" sort="None" forcevisible="false" hidden="false" width="10" />
          <column index="4" sort="None" forcevisible="false" hidden="false" width="100" />
          <column index="5" sort="None" forcevisible="false" hidden="false" width="100" />
          <column index="6" sort="None" forcevisible="false" hidden="false" width="50" />
          <column index="7" sort="None" forcevisible="false" hidden="false" width="75" />
          <column index="8" sort="None" forcevisible="false" hidden="false" width="75" />
          <column index="9" sort="None" forcevisible="false" hidden="false" width="75" />
          <column index="10" sort="None" forcevisible="false" hidden="false" width="75" />
          <column index="11" sort="None" forcevisible="false" hidden="true" width="75" />
          <column index="12" sort="None" forcevisible="false" hidden="false" width="100" />
          <column index="13" sort="None" forcevisible="false" hidden="false" width="105" />
          <column index="14" sort="None" forcevisible="false" hidden="true" width="50" />
          <column index="15" sort="None" forcevisible="false" hidden="true" width="50" />
          <column index="16" sort="None" forcevisible="false" hidden="true" width="50" />
        </table>
      </datamodelconfig>
      <chartcolors />
    </portletconfig>
    <portletconfig com.dynatrace.diagnostics.portlets.text.textportletconfig.backgroundstyle="topLeft" icon="com.dynatrace.diagnostics.sdk/default.gif" usespecificautorefresh="false" usedashboardsourceforcompare="true" folderid="org.eclipse.ui.internal.ViewStack@17f3d9e" com.dynatrace.diagnostics.portlets.text.textportletconfig.wallpapercolor="RGB(0,255,255,255)" usedashboardsource="true" heightmode="AdjustToFontSize" bgcolor="236,233,216,255" id="cf8fd971-d1be-4daa-8a35-dd49c492cddb" addfilterinfo="false" source="server://biztalk2009" invertcolors="true" com.dynatrace.diagnostics.portlets.text.textportletconfig.alignment="LEFT" com.dynatrace.diagnostics.portlets.text.textportletconfig.text="BizTalk State - 192.168.1.39 - dynaTraceApplication1" description="" name="Text" typeid="com.dynatrace.diagnostics.portlets.text.Text" com.dynatrace.diagnostics.portlets.text.textportletconfig.defaultforegroundcolor="RGB(0,0,0,255)">
      <reportconfig lines.per.table="100" print.legends="true" enabled="true" levels.per.tree="10" override="false" print.images="true" />
      <filter>
        <inheritancemap />
      </filter>
      <autorefreshconfig unit="MINUTES" enabled="false" time="5" />
      <sashconfig weights="1,1" displayoption="CHART_AND_TABLE" />
      <font height="12" style="BOLD" name="Arial" />
    </portletconfig>
    <portletconfig icon="com.dynatrace.diagnostics.sdk/default.gif" usespecificautorefresh="false" usedashboardsourceforcompare="true" folderid="org.eclipse.ui.internal.ViewStack@dbc65a" sessiontype="live" usedashboardsource="true" sessionid="BizTalk" bgcolor="236,233,216,255" id="ab3d28f7-440d-4a59-8d0b-20d109aa75ad" addfilterinfo="false" source="server://biztalk2009" description="" lastvalue="false" name="BizTalk State - 192.168.1.39 - dynaTraceApplications1" typeid="com.dynatrace.diagnostics.portlets.chart.Chart" showabsolutevalues="false">
      <reportconfig lines.per.table="100" print.legends="true" enabled="true" levels.per.tree="10" override="false" print.images="true" reportposition="8" />
      <filter>
        <criterion type="timeframe">
          <timeframe start="0" type="Auto" end="9223372036854775807" />
        </criterion>
        <inheritancemap />
      </filter>
      <autorefreshconfig unit="MINUTES" enabled="false" time="1" />
      <sashconfig weights="500,500" displayoption="CHART" />
      <datamodelconfig>
        <chart axis.y.show="true" subchartweights="125,125,125,125,125,125,125,125" orientation="Vertical" legendposition="Right" zoomable="true" showtooltips="true" charttype="TrafficLightChart" axis.y.title.show="true" resolution="Auto" axis.x.show="true" yaxisalignment="0" splitcharts="true" bounds.y.enabled="false" axis.x.title.show="true" logxaxis="false" showlegend="true" showtitle="false" showvalues="false">
          <legendcomposition min="false" aggregationfromseries="false" scale="false" host="false" max="false" measure="true" count="false" last="false" sum="false" agent="false" aggregation="false" unit="false" avg="false" />
          <chartsource position="1" scale="-2147483648" visible="true" sessiontype="live" dynamicconfig="false" aggregationtype="Avg" autounit="false" sessionid="BizTalk" uiunit="number" fetchmeasurecolor="true" id="b933a73c-fedc-4225-b38d-9a90bab5d0f6" displayrate="auto" unit="number" systemid="BizTalk" overridesource="false" rate="10s" ratesupported="false" name="High database session" sourcecolor="RGB(192,192,192,255)" measuretype="MonitorMeasure" sourcetype="MEASURE" fetchthreshold="true" fetch.dynamic.measures="false" autoscale="true">
            <lightweightuniquemeasureidentifier keyid="High database session" metricgroupkey="BizTalk State Counters" collector="" systemid="BizTalk" agenthost="" parentkeyid="High database session" metrickeyid="High database session" agentname="BizTalk - dynaTraceApplications1" />
            <displaysourceinfo monitorhost="192.168.1.39" monitordetails="BizTalk - dynaTraceApplications1" measureunit="number" monitorscheduleid="BizTalk - dynaTraceApplications1" measurerate="purepath" />
          </chartsource>
          <chartsource position="2" scale="-2147483648" visible="true" sessiontype="live" dynamicconfig="false" aggregationtype="Avg" autounit="false" sessionid="BizTalk" uiunit="number" fetchmeasurecolor="true" id="bf233aa5-2ac0-4458-b90e-795c684e1e49" displayrate="auto" unit="number" systemid="BizTalk" overridesource="false" rate="10s" ratesupported="false" name="High database size" sourcecolor="RGB(64,0,64,255)" measuretype="MonitorMeasure" sourcetype="MEASURE" fetchthreshold="true" fetch.dynamic.measures="false" autoscale="true">
            <lightweightuniquemeasureidentifier keyid="High database size" metricgroupkey="BizTalk State Counters" collector="" systemid="BizTalk" agenthost="" parentkeyid="High database size" metrickeyid="High database size" agentname="BizTalk - dynaTraceApplications1" />
            <displaysourceinfo monitorhost="192.168.1.39" monitordetails="BizTalk - dynaTraceApplications1" measureunit="number" monitorscheduleid="BizTalk - dynaTraceApplications1" measurerate="purepath" />
          </chartsource>
          <chartsource position="3" scale="-2147483648" visible="true" sessiontype="live" dynamicconfig="false" aggregationtype="Avg" autounit="false" sessionid="BizTalk" uiunit="number" fetchmeasurecolor="true" id="102c8034-a15b-44cb-a77e-7b5684b993a5" displayrate="auto" unit="number" systemid="BizTalk" overridesource="false" rate="10s" ratesupported="false" name="High in-process message count" sourcecolor="RGB(128,128,128,255)" measuretype="MonitorMeasure" sourcetype="MEASURE" fetchthreshold="true" fetch.dynamic.measures="false" autoscale="true">
            <lightweightuniquemeasureidentifier keyid="High in-process message count" metricgroupkey="BizTalk State Counters" collector="" systemid="BizTalk" agenthost="" parentkeyid="High in-process message count" metrickeyid="High in-process message count" agentname="BizTalk - dynaTraceApplications1" />
            <displaysourceinfo monitorhost="192.168.1.39" monitordetails="BizTalk - dynaTraceApplications1" measureunit="number" monitorscheduleid="BizTalk - dynaTraceApplications1" measurerate="purepath" />
          </chartsource>
          <chartsource position="4" scale="-2147483648" visible="true" sessiontype="live" dynamicconfig="false" aggregationtype="Avg" autounit="false" sessionid="BizTalk" uiunit="number" fetchmeasurecolor="true" id="43311188-62c1-449d-ba2a-95c8a44af5bb" displayrate="auto" unit="number" systemid="BizTalk" overridesource="false" rate="10s" ratesupported="false" name="High message delivery rate" sourcecolor="RGB(128,192,0,255)" measuretype="MonitorMeasure" sourcetype="MEASURE" fetchthreshold="true" fetch.dynamic.measures="false" autoscale="true">
            <lightweightuniquemeasureidentifier keyid="High message delivery rate" metricgroupkey="BizTalk State Counters" collector="" systemid="BizTalk" agenthost="" parentkeyid="High message delivery rate" metrickeyid="High message delivery rate" agentname="BizTalk - dynaTraceApplications1" />
            <displaysourceinfo monitorhost="192.168.1.39" monitordetails="BizTalk - dynaTraceApplications1" measureunit="number" monitorscheduleid="BizTalk - dynaTraceApplications1" measurerate="purepath" />
          </chartsource>
          <chartsource position="5" scale="-2147483648" visible="true" sessiontype="live" dynamicconfig="false" aggregationtype="Avg" autounit="false" sessionid="BizTalk" uiunit="number" fetchmeasurecolor="true" id="1137364f-c91e-4b5b-bbd7-090941c62051" displayrate="auto" unit="number" systemid="BizTalk" overridesource="false" rate="10s" ratesupported="false" name="High message publishing rate" sourcecolor="RGB(0,64,0,255)" measuretype="MonitorMeasure" sourcetype="MEASURE" fetchthreshold="true" fetch.dynamic.measures="false" autoscale="true">
            <lightweightuniquemeasureidentifier keyid="High message publishing rate" metricgroupkey="BizTalk State Counters" collector="" systemid="BizTalk" agenthost="" parentkeyid="High message publishing rate" metrickeyid="High message publishing rate" agentname="BizTalk - dynaTraceApplications1" />
            <displaysourceinfo monitorhost="192.168.1.39" monitordetails="BizTalk - dynaTraceApplications1" measureunit="number" monitorscheduleid="BizTalk - dynaTraceApplications1" measurerate="purepath" />
          </chartsource>
          <chartsource position="6" scale="-2147483648" visible="true" sessiontype="live" dynamicconfig="false" aggregationtype="Avg" autounit="false" sessionid="BizTalk" uiunit="number" fetchmeasurecolor="true" id="506b9a98-ab03-4b4b-b524-4e85982340d7" displayrate="auto" unit="number" systemid="BizTalk" overridesource="false" rate="10s" ratesupported="false" name="High process memory" sourcecolor="RGB(64,128,128,255)" measuretype="MonitorMeasure" sourcetype="MEASURE" fetchthreshold="true" fetch.dynamic.measures="false" autoscale="true">
            <lightweightuniquemeasureidentifier keyid="High process memory" metricgroupkey="BizTalk State Counters" collector="" systemid="BizTalk" agenthost="" parentkeyid="High process memory" metrickeyid="High process memory" agentname="BizTalk - dynaTraceApplications1" />
            <displaysourceinfo monitorhost="192.168.1.39" monitordetails="BizTalk - dynaTraceApplications1" measureunit="number" monitorscheduleid="BizTalk - dynaTraceApplications1" measurerate="purepath" />
          </chartsource>
          <chartsource position="7" scale="-2147483648" visible="true" sessiontype="live" dynamicconfig="false" aggregationtype="Avg" autounit="false" sessionid="BizTalk" uiunit="number" fetchmeasurecolor="true" id="75e35f28-fca7-42ad-abfd-169cc6ae761e" displayrate="auto" unit="number" systemid="BizTalk" overridesource="false" rate="10s" ratesupported="false" name="High system memory" sourcecolor="RGB(64,192,0,255)" measuretype="MonitorMeasure" sourcetype="MEASURE" fetchthreshold="true" fetch.dynamic.measures="false" autoscale="true">
            <lightweightuniquemeasureidentifier keyid="High system memory" metricgroupkey="BizTalk State Counters" collector="" systemid="BizTalk" agenthost="" parentkeyid="High system memory" metrickeyid="High system memory" agentname="BizTalk - dynaTraceApplications1" />
            <displaysourceinfo monitorhost="192.168.1.39" monitordetails="BizTalk - dynaTraceApplications1" measureunit="number" monitorscheduleid="BizTalk - dynaTraceApplications1" measurerate="purepath" />
          </chartsource>
          <chartsource position="8" scale="-2147483648" visible="true" sessiontype="live" dynamicconfig="false" aggregationtype="Avg" autounit="false" sessionid="BizTalk" uiunit="number" fetchmeasurecolor="true" id="0f5a880f-169f-4303-8964-5161dbc00aee" displayrate="auto" unit="number" systemid="BizTalk" overridesource="false" rate="s" ratesupported="true" name="High thread count" sourcecolor="RGB(0,192,192,255)" measuretype="MonitorMeasure" sourcetype="MEASURE" fetchthreshold="true" fetch.dynamic.measures="false" autoscale="true">
            <lightweightuniquemeasureidentifier keyid="High thread count" metricgroupkey="BizTalk State Counters" collector="" systemid="BizTalk" agenthost="" parentkeyid="High thread count" metrickeyid="High thread count" agentname="BizTalk - dynaTraceApplications1" />
            <displaysourceinfo monitorhost="192.168.1.39" monitordetails="BizTalk - dynaTraceApplications1" measureunit="number" monitorscheduleid="BizTalk - dynaTraceApplications1" measurerate="sec" />
          </chartsource>
          <splitconfig splitmode="PerSeries" splitlayout="Vertical" />
        </chart>
        <table name="The Measure table" sortcolumn="0" viewmode="Hierarchy" columnorder="0,1,2,3,4,5,6,7,8,9,10,11,12,13,14,15,16">
          <column index="0" sort="Up" forcevisible="false" hidden="false" width="150" />
          <column index="1" sort="None" forcevisible="false" hidden="false" width="100" />
          <column index="2" sort="None" forcevisible="false" hidden="false" width="100" />
          <column index="3" sort="None" forcevisible="false" hidden="false" width="10" />
          <column index="4" sort="None" forcevisible="false" hidden="false" width="100" />
          <column index="5" sort="None" forcevisible="false" hidden="false" width="100" />
          <column index="6" sort="None" forcevisible="false" hidden="false" width="50" />
          <column index="7" sort="None" forcevisible="false" hidden="false" width="75" />
          <column index="8" sort="None" forcevisible="false" hidden="false" width="75" />
          <column index="9" sort="None" forcevisible="false" hidden="false" width="75" />
          <column index="10" sort="None" forcevisible="false" hidden="false" width="75" />
          <column index="11" sort="None" forcevisible="false" hidden="true" width="75" />
          <column index="12" sort="None" forcevisible="false" hidden="false" width="100" />
          <column index="13" sort="None" forcevisible="false" hidden="false" width="105" />
          <column index="14" sort="None" forcevisible="false" hidden="true" width="50" />
          <column index="15" sort="None" forcevisible="false" hidden="true" width="50" />
          <column index="16" sort="None" forcevisible="false" hidden="true" width="50" />
        </table>
      </datamodelconfig>
      <chartcolors />
    </portletconfig>
  </dashboardconfig>
</dynatrace>

